timestamp,release_tag,asset_name,download_count,created_at,size_bytes
2026-06-04T22:54:20Z,v0.5,NexusOS-v0.5-fat.img,0,2026-06-04T22:53:14Z,1474560
2026-06-04T22:54:20Z,v0.5,NexusOS-v0.5-os.bin,0,2026-06-04T22:53:14Z,1048576
2026-06-04T22:54:20Z,v0.4,NexusOS-v0.4-fat.img,0,2026-06-04T22:52:55Z,1474560
2026-06-04T22:54:20Z,v0.4,NexusOS-v0.4-os.bin,0,2026-06-04T22:52:55Z,1048576
2026-06-04T22:54:20Z,v0.3,NexusOS-v0.3-os.bin,0,2026-06-04T22:52:39Z,1048576
2026-06-04T22:54:20Z,v0.2,NexusOS-v0.2-os.bin,0,2026-06-04T22:52:21Z,1048576
2026-06-04T22:54:20Z,v0.1,NexusOS-v0.1-os.bin,0,2026-06-04T22:51:57Z,1048576
2026-06-04T22:54:53Z,v0.5,NexusOS-v0.5-fat.img,0,2026-06-04T22:53:14Z,1474560
2026-06-04T22:54:53Z,v0.5,NexusOS-v0.5-os.bin,0,2026-06-04T22:53:14Z,1048576
2026-06-04T22:54:53Z,v0.4,NexusOS-v0.4-fat.img,0,2026-06-04T22:52:55Z,1474560
2026-06-04T22:54:53Z,v0.4,NexusOS-v0.4-os.bin,0,2026-06-04T22:52:55Z,1048576
2026-06-04T22:54:53Z,v0.3,NexusOS-v0.3-os.bin,0,2026-06-04T22:52:39Z,1048576
2026-06-04T22:54:53Z,v0.2,NexusOS-v0.2-os.bin,0,2026-06-04T22:52:21Z,1048576
2026-06-04T22:54:53Z,v0.1,NexusOS-v0.1-os.bin,0,2026-06-04T22:51:57Z,1048576
2026-06-05T10:17:37Z,v0.5,NexusOS-v0.5-fat.img,1,2026-06-04T22:53:14Z,1474560
2026-06-05T10:17:37Z,v0.5,NexusOS-v0.5-os.bin,1,2026-06-04T22:53:14Z,1048576
2026-06-05T10:17:37Z,v0.4,NexusOS-v0.4-fat.img,0,2026-06-04T22:52:55Z,1474560
2026-06-05T10:17:37Z,v0.4,NexusOS-v0.4-os.bin,0,2026-06-04T22:52:55Z,1048576
2026-06-05T10:17:37Z,v0.3,NexusOS-v0.3-os.bin,0,2026-06-04T22:52:39Z,1048576
2026-06-05T10:17:37Z,v0.2,NexusOS-v0.2-os.bin,0,2026-06-04T22:52:21Z,1048576
2026-06-05T10:17:37Z,v0.1,NexusOS-v0.1-os.bin,0,2026-06-04T22:51:57Z,1048576
2026-06-05T16:19:35Z,v0.5,NexusOS-v0.5-fat.img,1,2026-06-04T22:53:14Z,1474560
2026-06-05T16:19:35Z,v0.5,NexusOS-v0.5-os.bin,1,2026-06-04T22:53:14Z,1048576
2026-06-05T16:19:35Z,v0.4,NexusOS-v0.4-fat.img,0,2026-06-04T22:52:55Z,1474560
2026-06-05T16:19:35Z,v0.4,NexusOS-v0.4-os.bin,0,2026-06-04T22:52:55Z,1048576
2026-06-05T16:19:35Z,v0.3,NexusOS-v0.3-os.bin,0,2026-06-04T22:52:39Z,1048576
2026-06-05T16:19:35Z,v0.2,NexusOS-v0.2-os.bin,0,2026-06-04T22:52:21Z,1048576
2026-06-05T16:19:35Z,v0.1,NexusOS-v0.1-os.bin,0,2026-06-04T22:51:57Z,1048576
2026-06-06T08:47:06Z,v0.5,NexusOS-v0.5-fat.img,1,2026-06-04T22:53:14Z,1474560
2026-06-06T08:47:06Z,v0.5,NexusOS-v0.5-os.bin,1,2026-06-04T22:53:14Z,1048576
2026-06-06T08:47:06Z,v0.4,NexusOS-v0.4-fat.img,0,2026-06-04T22:52:55Z,1474560
2026-06-06T08:47:06Z,v0.4,NexusOS-v0.4-os.bin,0,2026-06-04T22:52:55Z,1048576
2026-06-06T08:47:06Z,v0.3,NexusOS-v0.3-os.bin,0,2026-06-04T22:52:39Z,1048576
2026-06-06T08:47:06Z,v0.2,NexusOS-v0.2-os.bin,0,2026-06-04T22:52:21Z,1048576
2026-06-06T08:47:06Z,v0.1,NexusOS-v0.1-os.bin,0,2026-06-04T22:51:57Z,1048576
2026-06-07T09:40:24Z,v0.5,NexusOS-v0.5-fat.img,1,2026-06-04T22:53:14Z,1474560
2026-06-07T09:40:24Z,v0.5,NexusOS-v0.5-os.bin,1,2026-06-04T22:53:14Z,1048576
2026-06-07T09:40:24Z,v0.4,NexusOS-v0.4-fat.img,0,2026-06-04T22:52:55Z,1474560
2026-06-07T09:40:24Z,v0.4,NexusOS-v0.4-os.bin,0,2026-06-04T22:52:55Z,1048576
2026-06-07T09:40:24Z,v0.3,NexusOS-v0.3-os.bin,0,2026-06-04T22:52:39Z,1048576
2026-06-07T09:40:24Z,v0.2,NexusOS-v0.2-os.bin,0,2026-06-04T22:52:21Z,1048576
2026-06-07T09:40:24Z,v0.1,NexusOS-v0.1-os.bin,0,2026-06-04T22:51:57Z,1048576
2026-06-08T11:21:35Z,v0.5,NexusOS-v0.5-fat.img,1,2026-06-04T22:53:14Z,1474560
2026-06-08T11:21:35Z,v0.5,NexusOS-v0.5-os.bin,1,2026-06-04T22:53:14Z,1048576
2026-06-08T11:21:35Z,v0.4,NexusOS-v0.4-fat.img,0,2026-06-04T22:52:55Z,1474560
2026-06-08T11:21:35Z,v0.4,NexusOS-v0.4-os.bin,0,2026-06-04T22:52:55Z,1048576
2026-06-08T11:21:35Z,v0.3,NexusOS-v0.3-os.bin,0,2026-06-04T22:52:39Z,1048576
2026-06-08T11:21:35Z,v0.2,NexusOS-v0.2-os.bin,0,2026-06-04T22:52:21Z,1048576
2026-06-08T11:21:35Z,v0.1,NexusOS-v0.1-os.bin,0,2026-06-04T22:51:57Z,1048576
2026-06-09T10:03:49Z,v0.5,NexusOS-v0.5-fat.img,1,2026-06-04T22:53:14Z,1474560
2026-06-09T10:03:49Z,v0.5,NexusOS-v0.5-os.bin,1,2026-06-04T22:53:14Z,1048576
2026-06-09T10:03:49Z,v0.4,NexusOS-v0.4-fat.img,0,2026-06-04T22:52:55Z,1474560
2026-06-09T10:03:49Z,v0.4,NexusOS-v0.4-os.bin,0,2026-06-04T22:52:55Z,1048576
2026-06-09T10:03:49Z,v0.3,NexusOS-v0.3-os.bin,0,2026-06-04T22:52:39Z,1048576
2026-06-09T10:03:49Z,v0.2,NexusOS-v0.2-os.bin,0,2026-06-04T22:52:21Z,1048576
2026-06-09T10:03:49Z,v0.1,NexusOS-v0.1-os.bin,0,2026-06-04T22:51:57Z,1048576
2026-06-10T10:34:16Z,v0.5,NexusOS-v0.5-fat.img,1,2026-06-04T22:53:14Z,1474560
2026-06-10T10:34:16Z,v0.5,NexusOS-v0.5-os.bin,1,2026-06-04T22:53:14Z,1048576
2026-06-10T10:34:16Z,v0.4,NexusOS-v0.4-fat.img,0,2026-06-04T22:52:55Z,1474560
2026-06-10T10:34:16Z,v0.4,NexusOS-v0.4-os.bin,0,2026-06-04T22:52:55Z,1048576
2026-06-10T10:34:16Z,v0.3,NexusOS-v0.3-os.bin,0,2026-06-04T22:52:39Z,1048576
2026-06-10T10:34:16Z,v0.2,NexusOS-v0.2-os.bin,0,2026-06-04T22:52:21Z,1048576
2026-06-10T10:34:16Z,v0.1,NexusOS-v0.1-os.bin,0,2026-06-04T22:51:57Z,1048576
2026-06-11T10:59:09Z,v0.5,NexusOS-v0.5-fat.img,1,2026-06-04T22:53:14Z,1474560
2026-06-11T10:59:09Z,v0.5,NexusOS-v0.5-os.bin,1,2026-06-04T22:53:14Z,1048576
2026-06-11T10:59:09Z,v0.4,NexusOS-v0.4-fat.img,0,2026-06-04T22:52:55Z,1474560
2026-06-11T10:59:09Z,v0.4,NexusOS-v0.4-os.bin,0,2026-06-04T22:52:55Z,1048576
2026-06-11T10:59:09Z,v0.3,NexusOS-v0.3-os.bin,0,2026-06-04T22:52:39Z,1048576
2026-06-11T10:59:09Z,v0.2,NexusOS-v0.2-os.bin,0,2026-06-04T22:52:21Z,1048576
2026-06-11T10:59:09Z,v0.1,NexusOS-v0.1-os.bin,0,2026-06-04T22:51:57Z,1048576
2026-06-12T10:40:50Z,v0.5,NexusOS-v0.5-fat.img,1,2026-06-04T22:53:14Z,1474560
2026-06-12T10:40:50Z,v0.5,NexusOS-v0.5-os.bin,1,2026-06-04T22:53:14Z,1048576
2026-06-12T10:40:50Z,v0.4,NexusOS-v0.4-fat.img,0,2026-06-04T22:52:55Z,1474560
2026-06-12T10:40:50Z,v0.4,NexusOS-v0.4-os.bin,0,2026-06-04T22:52:55Z,1048576
2026-06-12T10:40:50Z,v0.3,NexusOS-v0.3-os.bin,0,2026-06-04T22:52:39Z,1048576
2026-06-12T10:40:50Z,v0.2,NexusOS-v0.2-os.bin,0,2026-06-04T22:52:21Z,1048576
2026-06-12T10:40:50Z,v0.1,NexusOS-v0.1-os.bin,0,2026-06-04T22:51:57Z,1048576
2026-06-13T09:35:20Z,v0.5,NexusOS-v0.5-fat.img,1,2026-06-04T22:53:14Z,1474560
2026-06-13T09:35:20Z,v0.5,NexusOS-v0.5-os.bin,1,2026-06-04T22:53:14Z,1048576
2026-06-13T09:35:20Z,v0.4,NexusOS-v0.4-fat.img,0,2026-06-04T22:52:55Z,1474560
2026-06-13T09:35:20Z,v0.4,NexusOS-v0.4-os.bin,0,2026-06-04T22:52:55Z,1048576
2026-06-13T09:35:20Z,v0.3,NexusOS-v0.3-os.bin,0,2026-06-04T22:52:39Z,1048576
2026-06-13T09:35:20Z,v0.2,NexusOS-v0.2-os.bin,0,2026-06-04T22:52:21Z,1048576
2026-06-13T09:35:20Z,v0.1,NexusOS-v0.1-os.bin,0,2026-06-04T22:51:57Z,1048576
2026-06-14T09:57:00Z,v0.5,NexusOS-v0.5-fat.img,1,2026-06-04T22:53:14Z,1474560
2026-06-14T09:57:00Z,v0.5,NexusOS-v0.5-os.bin,1,2026-06-04T22:53:14Z,1048576
2026-06-14T09:57:00Z,v0.4,NexusOS-v0.4-fat.img,0,2026-06-04T22:52:55Z,1474560
2026-06-14T09:57:00Z,v0.4,NexusOS-v0.4-os.bin,0,2026-06-04T22:52:55Z,1048576
2026-06-14T09:57:00Z,v0.3,NexusOS-v0.3-os.bin,0,2026-06-04T22:52:39Z,1048576
2026-06-14T09:57:00Z,v0.2,NexusOS-v0.2-os.bin,0,2026-06-04T22:52:21Z,1048576
2026-06-14T09:57:00Z,v0.1,NexusOS-v0.1-os.bin,0,2026-06-04T22:51:57Z,1048576
2026-06-15T12:43:55Z,v0.5,NexusOS-v0.5-fat.img,1,2026-06-04T22:53:14Z,1474560
2026-06-15T12:43:55Z,v0.5,NexusOS-v0.5-os.bin,1,2026-06-04T22:53:14Z,1048576
2026-06-15T12:43:55Z,v0.4,NexusOS-v0.4-fat.img,0,2026-06-04T22:52:55Z,1474560
2026-06-15T12:43:55Z,v0.4,NexusOS-v0.4-os.bin,0,2026-06-04T22:52:55Z,1048576
2026-06-15T12:43:55Z,v0.3,NexusOS-v0.3-os.bin,0,2026-06-04T22:52:39Z,1048576
2026-06-15T12:43:55Z,v0.2,NexusOS-v0.2-os.bin,0,2026-06-04T22:52:21Z,1048576
2026-06-15T12:43:55Z,v0.1,NexusOS-v0.1-os.bin,0,2026-06-04T22:51:57Z,1048576
2026-06-16T11:36:08Z,v0.5,NexusOS-v0.5-fat.img,1,2026-06-04T22:53:14Z,1474560
2026-06-16T11:36:08Z,v0.5,NexusOS-v0.5-os.bin,1,2026-06-04T22:53:14Z,1048576
2026-06-16T11:36:08Z,v0.4,NexusOS-v0.4-fat.img,0,2026-06-04T22:52:55Z,1474560
2026-06-16T11:36:08Z,v0.4,NexusOS-v0.4-os.bin,0,2026-06-04T22:52:55Z,1048576
2026-06-16T11:36:08Z,v0.3,NexusOS-v0.3-os.bin,0,2026-06-04T22:52:39Z,1048576
2026-06-16T11:36:08Z,v0.2,NexusOS-v0.2-os.bin,0,2026-06-04T22:52:21Z,1048576
2026-06-16T11:36:08Z,v0.1,NexusOS-v0.1-os.bin,0,2026-06-04T22:51:57Z,1048576
2026-06-17T11:18:24Z,v0.5,NexusOS-v0.5-fat.img,1,2026-06-04T22:53:14Z,1474560
2026-06-17T11:18:24Z,v0.5,NexusOS-v0.5-os.bin,1,2026-06-04T22:53:14Z,1048576
2026-06-17T11:18:24Z,v0.4,NexusOS-v0.4-fat.img,0,2026-06-04T22:52:55Z,1474560
2026-06-17T11:18:24Z,v0.4,NexusOS-v0.4-os.bin,0,2026-06-04T22:52:55Z,1048576
2026-06-17T11:18:24Z,v0.3,NexusOS-v0.3-os.bin,0,2026-06-04T22:52:39Z,1048576
2026-06-17T11:18:24Z,v0.2,NexusOS-v0.2-os.bin,0,2026-06-04T22:52:21Z,1048576
2026-06-17T11:18:24Z,v0.1,NexusOS-v0.1-os.bin,0,2026-06-04T22:51:57Z,1048576
2026-06-18T10:49:16Z,v0.5,NexusOS-v0.5-fat.img,1,2026-06-04T22:53:14Z,1474560
2026-06-18T10:49:16Z,v0.5,NexusOS-v0.5-os.bin,1,2026-06-04T22:53:14Z,1048576
2026-06-18T10:49:16Z,v0.4,NexusOS-v0.4-fat.img,0,2026-06-04T22:52:55Z,1474560
2026-06-18T10:49:16Z,v0.4,NexusOS-v0.4-os.bin,0,2026-06-04T22:52:55Z,1048576
2026-06-18T10:49:16Z,v0.3,NexusOS-v0.3-os.bin,0,2026-06-04T22:52:39Z,1048576
2026-06-18T10:49:16Z,v0.2,NexusOS-v0.2-os.bin,0,2026-06-04T22:52:21Z,1048576
2026-06-18T10:49:16Z,v0.1,NexusOS-v0.1-os.bin,0,2026-06-04T22:51:57Z,1048576
2026-06-19T10:57:57Z,v0.5,NexusOS-v0.5-fat.img,1,2026-06-04T22:53:14Z,1474560
2026-06-19T10:57:57Z,v0.5,NexusOS-v0.5-os.bin,1,2026-06-04T22:53:14Z,1048576
2026-06-19T10:57:57Z,v0.4,NexusOS-v0.4-fat.img,0,2026-06-04T22:52:55Z,1474560
2026-06-19T10:57:57Z,v0.4,NexusOS-v0.4-os.bin,0,2026-06-04T22:52:55Z,1048576
2026-06-19T10:57:57Z,v0.3,NexusOS-v0.3-os.bin,0,2026-06-04T22:52:39Z,1048576
2026-06-19T10:57:57Z,v0.2,NexusOS-v0.2-os.bin,0,2026-06-04T22:52:21Z,1048576
2026-06-19T10:57:57Z,v0.1,NexusOS-v0.1-os.bin,0,2026-06-04T22:51:57Z,1048576
2026-06-20T09:43:26Z,v0.5,NexusOS-v0.5-fat.img,1,2026-06-04T22:53:14Z,1474560
2026-06-20T09:43:26Z,v0.5,NexusOS-v0.5-os.bin,1,2026-06-04T22:53:14Z,1048576
2026-06-20T09:43:26Z,v0.4,NexusOS-v0.4-fat.img,0,2026-06-04T22:52:55Z,1474560
2026-06-20T09:43:26Z,v0.4,NexusOS-v0.4-os.bin,0,2026-06-04T22:52:55Z,1048576
2026-06-20T09:43:26Z,v0.3,NexusOS-v0.3-os.bin,0,2026-06-04T22:52:39Z,1048576
2026-06-20T09:43:26Z,v0.2,NexusOS-v0.2-os.bin,0,2026-06-04T22:52:21Z,1048576
2026-06-20T09:43:26Z,v0.1,NexusOS-v0.1-os.bin,0,2026-06-04T22:51:57Z,1048576
2026-06-21T10:06:28Z,v0.5,NexusOS-v0.5-fat.img,1,2026-06-04T22:53:14Z,1474560
2026-06-21T10:06:28Z,v0.5,NexusOS-v0.5-os.bin,1,2026-06-04T22:53:14Z,1048576
2026-06-21T10:06:28Z,v0.4,NexusOS-v0.4-fat.img,0,2026-06-04T22:52:55Z,1474560
2026-06-21T10:06:28Z,v0.4,NexusOS-v0.4-os.bin,0,2026-06-04T22:52:55Z,1048576
2026-06-21T10:06:28Z,v0.3,NexusOS-v0.3-os.bin,0,2026-06-04T22:52:39Z,1048576
2026-06-21T10:06:28Z,v0.2,NexusOS-v0.2-os.bin,0,2026-06-04T22:52:21Z,1048576
2026-06-21T10:06:28Z,v0.1,NexusOS-v0.1-os.bin,0,2026-06-04T22:51:57Z,1048576
2026-06-22T12:27:25Z,v0.5,NexusOS-v0.5-fat.img,1,2026-06-04T22:53:14Z,1474560
2026-06-22T12:27:25Z,v0.5,NexusOS-v0.5-os.bin,1,2026-06-04T22:53:14Z,1048576
2026-06-22T12:27:25Z,v0.4,NexusOS-v0.4-fat.img,0,2026-06-04T22:52:55Z,1474560
2026-06-22T12:27:25Z,v0.4,NexusOS-v0.4-os.bin,0,2026-06-04T22:52:55Z,1048576
2026-06-22T12:27:25Z,v0.3,NexusOS-v0.3-os.bin,0,2026-06-04T22:52:39Z,1048576
2026-06-22T12:27:25Z,v0.2,NexusOS-v0.2-os.bin,0,2026-06-04T22:52:21Z,1048576
2026-06-22T12:27:25Z,v0.1,NexusOS-v0.1-os.bin,0,2026-06-04T22:51:57Z,1048576
2026-06-23T10:04:11Z,v0.5,NexusOS-v0.5-fat.img,1,2026-06-04T22:53:14Z,1474560
2026-06-23T10:04:11Z,v0.5,NexusOS-v0.5-os.bin,1,2026-06-04T22:53:14Z,1048576
2026-06-23T10:04:11Z,v0.4,NexusOS-v0.4-fat.img,0,2026-06-04T22:52:55Z,1474560
2026-06-23T10:04:11Z,v0.4,NexusOS-v0.4-os.bin,0,2026-06-04T22:52:55Z,1048576
2026-06-23T10:04:11Z,v0.3,NexusOS-v0.3-os.bin,0,2026-06-04T22:52:39Z,1048576
2026-06-23T10:04:11Z,v0.2,NexusOS-v0.2-os.bin,0,2026-06-04T22:52:21Z,1048576
2026-06-23T10:04:11Z,v0.1,NexusOS-v0.1-os.bin,0,2026-06-04T22:51:57Z,1048576
2026-06-24T09:51:26Z,v0.5,NexusOS-v0.5-fat.img,1,2026-06-04T22:53:14Z,1474560
2026-06-24T09:51:26Z,v0.5,NexusOS-v0.5-os.bin,1,2026-06-04T22:53:14Z,1048576
2026-06-24T09:51:26Z,v0.4,NexusOS-v0.4-fat.img,0,2026-06-04T22:52:55Z,1474560
2026-06-24T09:51:26Z,v0.4,NexusOS-v0.4-os.bin,0,2026-06-04T22:52:55Z,1048576
2026-06-24T09:51:26Z,v0.3,NexusOS-v0.3-os.bin,0,2026-06-04T22:52:39Z,1048576
2026-06-24T09:51:26Z,v0.2,NexusOS-v0.2-os.bin,0,2026-06-04T22:52:21Z,1048576
2026-06-24T09:51:26Z,v0.1,NexusOS-v0.1-os.bin,0,2026-06-04T22:51:57Z,1048576
2026-06-25T09:45:40Z,v0.5,NexusOS-v0.5-fat.img,1,2026-06-04T22:53:14Z,1474560
2026-06-25T09:45:40Z,v0.5,NexusOS-v0.5-os.bin,1,2026-06-04T22:53:14Z,1048576
2026-06-25T09:45:40Z,v0.4,NexusOS-v0.4-fat.img,0,2026-06-04T22:52:55Z,1474560
2026-06-25T09:45:40Z,v0.4,NexusOS-v0.4-os.bin,0,2026-06-04T22:52:55Z,1048576
2026-06-25T09:45:40Z,v0.3,NexusOS-v0.3-os.bin,0,2026-06-04T22:52:39Z,1048576
2026-06-25T09:45:40Z,v0.2,NexusOS-v0.2-os.bin,0,2026-06-04T22:52:21Z,1048576
2026-06-25T09:45:40Z,v0.1,NexusOS-v0.1-os.bin,0,2026-06-04T22:51:57Z,1048576
2026-06-26T09:52:30Z,v0.5,NexusOS-v0.5-fat.img,1,2026-06-04T22:53:14Z,1474560
2026-06-26T09:52:30Z,v0.5,NexusOS-v0.5-os.bin,1,2026-06-04T22:53:14Z,1048576
2026-06-26T09:52:30Z,v0.4,NexusOS-v0.4-fat.img,0,2026-06-04T22:52:55Z,1474560
2026-06-26T09:52:30Z,v0.4,NexusOS-v0.4-os.bin,0,2026-06-04T22:52:55Z,1048576
2026-06-26T09:52:30Z,v0.3,NexusOS-v0.3-os.bin,0,2026-06-04T22:52:39Z,1048576
2026-06-26T09:52:30Z,v0.2,NexusOS-v0.2-os.bin,0,2026-06-04T22:52:21Z,1048576
2026-06-26T09:52:30Z,v0.1,NexusOS-v0.1-os.bin,0,2026-06-04T22:51:57Z,1048576
2026-06-27T09:05:50Z,v0.5,NexusOS-v0.5-fat.img,1,2026-06-04T22:53:14Z,1474560
2026-06-27T09:05:50Z,v0.5,NexusOS-v0.5-os.bin,1,2026-06-04T22:53:14Z,1048576
2026-06-27T09:05:50Z,v0.4,NexusOS-v0.4-fat.img,0,2026-06-04T22:52:55Z,1474560
2026-06-27T09:05:50Z,v0.4,NexusOS-v0.4-os.bin,0,2026-06-04T22:52:55Z,1048576
2026-06-27T09:05:50Z,v0.3,NexusOS-v0.3-os.bin,0,2026-06-04T22:52:39Z,1048576
2026-06-27T09:05:50Z,v0.2,NexusOS-v0.2-os.bin,0,2026-06-04T22:52:21Z,1048576
2026-06-27T09:05:50Z,v0.1,NexusOS-v0.1-os.bin,0,2026-06-04T22:51:57Z,1048576
2026-06-28T09:33:20Z,v0.5,NexusOS-v0.5-fat.img,1,2026-06-04T22:53:14Z,1474560
2026-06-28T09:33:20Z,v0.5,NexusOS-v0.5-os.bin,1,2026-06-04T22:53:14Z,1048576
2026-06-28T09:33:20Z,v0.4,NexusOS-v0.4-fat.img,0,2026-06-04T22:52:55Z,1474560
2026-06-28T09:33:20Z,v0.4,NexusOS-v0.4-os.bin,0,2026-06-04T22:52:55Z,1048576
2026-06-28T09:33:20Z,v0.3,NexusOS-v0.3-os.bin,0,2026-06-04T22:52:39Z,1048576
2026-06-28T09:33:20Z,v0.2,NexusOS-v0.2-os.bin,0,2026-06-04T22:52:21Z,1048576
2026-06-28T09:33:20Z,v0.1,NexusOS-v0.1-os.bin,0,2026-06-04T22:51:57Z,1048576
2026-06-29T11:24:22Z,v0.5,NexusOS-v0.5-fat.img,1,2026-06-04T22:53:14Z,1474560
2026-06-29T11:24:22Z,v0.5,NexusOS-v0.5-os.bin,1,2026-06-04T22:53:14Z,1048576
2026-06-29T11:24:22Z,v0.4,NexusOS-v0.4-fat.img,0,2026-06-04T22:52:55Z,1474560
2026-06-29T11:24:22Z,v0.4,NexusOS-v0.4-os.bin,0,2026-06-04T22:52:55Z,1048576
2026-06-29T11:24:22Z,v0.3,NexusOS-v0.3-os.bin,0,2026-06-04T22:52:39Z,1048576
2026-06-29T11:24:22Z,v0.2,NexusOS-v0.2-os.bin,0,2026-06-04T22:52:21Z,1048576
2026-06-29T11:24:22Z,v0.1,NexusOS-v0.1-os.bin,0,2026-06-04T22:51:57Z,1048576
2026-06-30T10:02:06Z,v0.5,NexusOS-v0.5-fat.img,1,2026-06-04T22:53:14Z,1474560
2026-06-30T10:02:06Z,v0.5,NexusOS-v0.5-os.bin,1,2026-06-04T22:53:14Z,1048576
2026-06-30T10:02:06Z,v0.4,NexusOS-v0.4-fat.img,0,2026-06-04T22:52:55Z,1474560
2026-06-30T10:02:06Z,v0.4,NexusOS-v0.4-os.bin,0,2026-06-04T22:52:55Z,1048576
2026-06-30T10:02:06Z,v0.3,NexusOS-v0.3-os.bin,0,2026-06-04T22:52:39Z,1048576
2026-06-30T10:02:06Z,v0.2,NexusOS-v0.2-os.bin,0,2026-06-04T22:52:21Z,1048576
2026-06-30T10:02:06Z,v0.1,NexusOS-v0.1-os.bin,0,2026-06-04T22:51:57Z,1048576
2026-07-01T10:15:44Z,v0.5,NexusOS-v0.5-fat.img,1,2026-06-04T22:53:14Z,1474560
2026-07-01T10:15:44Z,v0.5,NexusOS-v0.5-os.bin,1,2026-06-04T22:53:14Z,1048576
2026-07-01T10:15:44Z,v0.4,NexusOS-v0.4-fat.img,0,2026-06-04T22:52:55Z,1474560
2026-07-01T10:15:44Z,v0.4,NexusOS-v0.4-os.bin,0,2026-06-04T22:52:55Z,1048576
2026-07-01T10:15:44Z,v0.3,NexusOS-v0.3-os.bin,0,2026-06-04T22:52:39Z,1048576
2026-07-01T10:15:44Z,v0.2,NexusOS-v0.2-os.bin,0,2026-06-04T22:52:21Z,1048576
2026-07-01T10:15:44Z,v0.1,NexusOS-v0.1-os.bin,0,2026-06-04T22:51:57Z,1048576
2026-07-02T09:33:35Z,v0.5,NexusOS-v0.5-fat.img,1,2026-06-04T22:53:14Z,1474560
2026-07-02T09:33:35Z,v0.5,NexusOS-v0.5-os.bin,1,2026-06-04T22:53:14Z,1048576
2026-07-02T09:33:35Z,v0.4,NexusOS-v0.4-fat.img,0,2026-06-04T22:52:55Z,1474560
2026-07-02T09:33:35Z,v0.4,NexusOS-v0.4-os.bin,0,2026-06-04T22:52:55Z,1048576
2026-07-02T09:33:35Z,v0.3,NexusOS-v0.3-os.bin,0,2026-06-04T22:52:39Z,1048576
2026-07-02T09:33:35Z,v0.2,NexusOS-v0.2-os.bin,0,2026-06-04T22:52:21Z,1048576
2026-07-02T09:33:35Z,v0.1,NexusOS-v0.1-os.bin,0,2026-06-04T22:51:57Z,1048576
2026-07-03T09:35:56Z,v0.5,NexusOS-v0.5-fat.img,1,2026-06-04T22:53:14Z,1474560
2026-07-03T09:35:56Z,v0.5,NexusOS-v0.5-os.bin,1,2026-06-04T22:53:14Z,1048576
2026-07-03T09:35:56Z,v0.4,NexusOS-v0.4-fat.img,0,2026-06-04T22:52:55Z,1474560
2026-07-03T09:35:56Z,v0.4,NexusOS-v0.4-os.bin,0,2026-06-04T22:52:55Z,1048576
2026-07-03T09:35:56Z,v0.3,NexusOS-v0.3-os.bin,0,2026-06-04T22:52:39Z,1048576
2026-07-03T09:35:56Z,v0.2,NexusOS-v0.2-os.bin,0,2026-06-04T22:52:21Z,1048576
2026-07-03T09:35:56Z,v0.1,NexusOS-v0.1-os.bin,0,2026-06-04T22:51:57Z,1048576
2026-07-04T09:01:38Z,v0.5,NexusOS-v0.5-fat.img,1,2026-06-04T22:53:14Z,1474560
2026-07-04T09:01:38Z,v0.5,NexusOS-v0.5-os.bin,1,2026-06-04T22:53:14Z,1048576
2026-07-04T09:01:38Z,v0.4,NexusOS-v0.4-fat.img,0,2026-06-04T22:52:55Z,1474560
2026-07-04T09:01:38Z,v0.4,NexusOS-v0.4-os.bin,0,2026-06-04T22:52:55Z,1048576
2026-07-04T09:01:38Z,v0.3,NexusOS-v0.3-os.bin,0,2026-06-04T22:52:39Z,1048576
2026-07-04T09:01:38Z,v0.2,NexusOS-v0.2-os.bin,0,2026-06-04T22:52:21Z,1048576
2026-07-04T09:01:38Z,v0.1,NexusOS-v0.1-os.bin,0,2026-06-04T22:51:57Z,1048576
2026-07-05T09:23:19Z,v0.5,NexusOS-v0.5-fat.img,1,2026-06-04T22:53:14Z,1474560
2026-07-05T09:23:19Z,v0.5,NexusOS-v0.5-os.bin,1,2026-06-04T22:53:14Z,1048576
2026-07-05T09:23:19Z,v0.4,NexusOS-v0.4-fat.img,0,2026-06-04T22:52:55Z,1474560
2026-07-05T09:23:19Z,v0.4,NexusOS-v0.4-os.bin,0,2026-06-04T22:52:55Z,1048576
2026-07-05T09:23:19Z,v0.3,NexusOS-v0.3-os.bin,0,2026-06-04T22:52:39Z,1048576
2026-07-05T09:23:19Z,v0.2,NexusOS-v0.2-os.bin,0,2026-06-04T22:52:21Z,1048576
2026-07-05T09:23:19Z,v0.1,NexusOS-v0.1-os.bin,0,2026-06-04T22:51:57Z,1048576
2026-07-06T11:05:09Z,v0.5,NexusOS-v0.5-fat.img,1,2026-06-04T22:53:14Z,1474560
2026-07-06T11:05:09Z,v0.5,NexusOS-v0.5-os.bin,1,2026-06-04T22:53:14Z,1048576
2026-07-06T11:05:09Z,v0.4,NexusOS-v0.4-fat.img,0,2026-06-04T22:52:55Z,1474560
2026-07-06T11:05:09Z,v0.4,NexusOS-v0.4-os.bin,0,2026-06-04T22:52:55Z,1048576
2026-07-06T11:05:09Z,v0.3,NexusOS-v0.3-os.bin,0,2026-06-04T22:52:39Z,1048576
2026-07-06T11:05:09Z,v0.2,NexusOS-v0.2-os.bin,0,2026-06-04T22:52:21Z,1048576
2026-07-06T11:05:09Z,v0.1,NexusOS-v0.1-os.bin,0,2026-06-04T22:51:57Z,1048576
2026-07-07T10:01:19Z,v0.5,NexusOS-v0.5-fat.img,1,2026-06-04T22:53:14Z,1474560
2026-07-07T10:01:19Z,v0.5,NexusOS-v0.5-os.bin,1,2026-06-04T22:53:14Z,1048576
2026-07-07T10:01:19Z,v0.4,NexusOS-v0.4-fat.img,0,2026-06-04T22:52:55Z,1474560
2026-07-07T10:01:19Z,v0.4,NexusOS-v0.4-os.bin,0,2026-06-04T22:52:55Z,1048576
2026-07-07T10:01:19Z,v0.3,NexusOS-v0.3-os.bin,0,2026-06-04T22:52:39Z,1048576
2026-07-07T10:01:19Z,v0.2,NexusOS-v0.2-os.bin,0,2026-06-04T22:52:21Z,1048576
2026-07-07T10:01:19Z,v0.1,NexusOS-v0.1-os.bin,0,2026-06-04T22:51:57Z,1048576
2026-07-08T08:44:43Z,v0.5,NexusOS-v0.5-fat.img,1,2026-06-04T22:53:14Z,1474560
2026-07-08T08:44:43Z,v0.5,NexusOS-v0.5-os.bin,1,2026-06-04T22:53:14Z,1048576
2026-07-08T08:44:43Z,v0.4,NexusOS-v0.4-fat.img,0,2026-06-04T22:52:55Z,1474560
2026-07-08T08:44:43Z,v0.4,NexusOS-v0.4-os.bin,0,2026-06-04T22:52:55Z,1048576
2026-07-08T08:44:43Z,v0.3,NexusOS-v0.3-os.bin,0,2026-06-04T22:52:39Z,1048576
2026-07-08T08:44:43Z,v0.2,NexusOS-v0.2-os.bin,0,2026-06-04T22:52:21Z,1048576
2026-07-08T08:44:43Z,v0.1,NexusOS-v0.1-os.bin,0,2026-06-04T22:51:57Z,1048576
2026-07-09T09:58:18Z,v0.5,NexusOS-v0.5-fat.img,1,2026-06-04T22:53:14Z,1474560
2026-07-09T09:58:18Z,v0.5,NexusOS-v0.5-os.bin,1,2026-06-04T22:53:14Z,1048576
2026-07-09T09:58:18Z,v0.4,NexusOS-v0.4-fat.img,0,2026-06-04T22:52:55Z,1474560
2026-07-09T09:58:18Z,v0.4,NexusOS-v0.4-os.bin,0,2026-06-04T22:52:55Z,1048576
2026-07-09T09:58:18Z,v0.3,NexusOS-v0.3-os.bin,0,2026-06-04T22:52:39Z,1048576
2026-07-09T09:58:18Z,v0.2,NexusOS-v0.2-os.bin,0,2026-06-04T22:52:21Z,1048576
2026-07-09T09:58:18Z,v0.1,NexusOS-v0.1-os.bin,0,2026-06-04T22:51:57Z,1048576
2026-07-10T09:53:57Z,v0.5,NexusOS-v0.5-fat.img,1,2026-06-04T22:53:14Z,1474560
2026-07-10T09:53:57Z,v0.5,NexusOS-v0.5-os.bin,1,2026-06-04T22:53:14Z,1048576
2026-07-10T09:53:57Z,v0.4,NexusOS-v0.4-fat.img,0,2026-06-04T22:52:55Z,1474560
2026-07-10T09:53:57Z,v0.4,NexusOS-v0.4-os.bin,0,2026-06-04T22:52:55Z,1048576
2026-07-10T09:53:57Z,v0.3,NexusOS-v0.3-os.bin,0,2026-06-04T22:52:39Z,1048576
2026-07-10T09:53:57Z,v0.2,NexusOS-v0.2-os.bin,0,2026-06-04T22:52:21Z,1048576
2026-07-10T09:53:57Z,v0.1,NexusOS-v0.1-os.bin,0,2026-06-04T22:51:57Z,1048576
2026-07-11T08:15:00Z,v0.5,NexusOS-v0.5-fat.img,1,2026-06-04T22:53:14Z,1474560
2026-07-11T08:15:00Z,v0.5,NexusOS-v0.5-os.bin,1,2026-06-04T22:53:14Z,1048576
2026-07-11T08:15:00Z,v0.4,NexusOS-v0.4-fat.img,0,2026-06-04T22:52:55Z,1474560
2026-07-11T08:15:00Z,v0.4,NexusOS-v0.4-os.bin,0,2026-06-04T22:52:55Z,1048576
2026-07-11T08:15:00Z,v0.3,NexusOS-v0.3-os.bin,0,2026-06-04T22:52:39Z,1048576
2026-07-11T08:15:00Z,v0.2,NexusOS-v0.2-os.bin,0,2026-06-04T22:52:21Z,1048576
2026-07-11T08:15:00Z,v0.1,NexusOS-v0.1-os.bin,0,2026-06-04T22:51:57Z,1048576
2026-07-12T08:32:05Z,v0.5,NexusOS-v0.5-fat.img,1,2026-06-04T22:53:14Z,1474560
2026-07-12T08:32:05Z,v0.5,NexusOS-v0.5-os.bin,1,2026-06-04T22:53:14Z,1048576
2026-07-12T08:32:05Z,v0.4,NexusOS-v0.4-fat.img,0,2026-06-04T22:52:55Z,1474560
2026-07-12T08:32:05Z,v0.4,NexusOS-v0.4-os.bin,0,2026-06-04T22:52:55Z,1048576
2026-07-12T08:32:05Z,v0.3,NexusOS-v0.3-os.bin,0,2026-06-04T22:52:39Z,1048576
2026-07-12T08:32:05Z,v0.2,NexusOS-v0.2-os.bin,0,2026-06-04T22:52:21Z,1048576
2026-07-12T08:32:05Z,v0.1,NexusOS-v0.1-os.bin,0,2026-06-04T22:51:57Z,1048576
2026-07-13T09:48:20Z,v0.5,NexusOS-v0.5-fat.img,1,2026-06-04T22:53:14Z,1474560
2026-07-13T09:48:20Z,v0.5,NexusOS-v0.5-os.bin,1,2026-06-04T22:53:14Z,1048576
2026-07-13T09:48:20Z,v0.4,NexusOS-v0.4-fat.img,0,2026-06-04T22:52:55Z,1474560
2026-07-13T09:48:20Z,v0.4,NexusOS-v0.4-os.bin,0,2026-06-04T22:52:55Z,1048576
2026-07-13T09:48:20Z,v0.3,NexusOS-v0.3-os.bin,0,2026-06-04T22:52:39Z,1048576
2026-07-13T09:48:20Z,v0.2,NexusOS-v0.2-os.bin,0,2026-06-04T22:52:21Z,1048576
2026-07-13T09:48:20Z,v0.1,NexusOS-v0.1-os.bin,0,2026-06-04T22:51:57Z,1048576
2026-07-14T08:28:23Z,v0.5,NexusOS-v0.5-fat.img,1,2026-06-04T22:53:14Z,1474560
2026-07-14T08:28:23Z,v0.5,NexusOS-v0.5-os.bin,1,2026-06-04T22:53:14Z,1048576
2026-07-14T08:28:23Z,v0.4,NexusOS-v0.4-fat.img,0,2026-06-04T22:52:55Z,1474560
2026-07-14T08:28:23Z,v0.4,NexusOS-v0.4-os.bin,0,2026-06-04T22:52:55Z,1048576
2026-07-14T08:28:23Z,v0.3,NexusOS-v0.3-os.bin,0,2026-06-04T22:52:39Z,1048576
2026-07-14T08:28:23Z,v0.2,NexusOS-v0.2-os.bin,0,2026-06-04T22:52:21Z,1048576
2026-07-14T08:28:23Z,v0.1,NexusOS-v0.1-os.bin,0,2026-06-04T22:51:57Z,1048576
2026-07-15T08:36:21Z,v0.5,NexusOS-v0.5-fat.img,1,2026-06-04T22:53:14Z,1474560
2026-07-15T08:36:21Z,v0.5,NexusOS-v0.5-os.bin,1,2026-06-04T22:53:14Z,1048576
2026-07-15T08:36:21Z,v0.4,NexusOS-v0.4-fat.img,0,2026-06-04T22:52:55Z,1474560
2026-07-15T08:36:21Z,v0.4,NexusOS-v0.4-os.bin,0,2026-06-04T22:52:55Z,1048576
2026-07-15T08:36:21Z,v0.3,NexusOS-v0.3-os.bin,0,2026-06-04T22:52:39Z,1048576
2026-07-15T08:36:21Z,v0.2,NexusOS-v0.2-os.bin,0,2026-06-04T22:52:21Z,1048576
2026-07-15T08:36:21Z,v0.1,NexusOS-v0.1-os.bin,0,2026-06-04T22:51:57Z,1048576
2026-07-16T08:35:24Z,v0.5,NexusOS-v0.5-fat.img,1,2026-06-04T22:53:14Z,1474560
2026-07-16T08:35:24Z,v0.5,NexusOS-v0.5-os.bin,1,2026-06-04T22:53:14Z,1048576
2026-07-16T08:35:24Z,v0.4,NexusOS-v0.4-fat.img,0,2026-06-04T22:52:55Z,1474560
2026-07-16T08:35:24Z,v0.4,NexusOS-v0.4-os.bin,0,2026-06-04T22:52:55Z,1048576
2026-07-16T08:35:24Z,v0.3,NexusOS-v0.3-os.bin,0,2026-06-04T22:52:39Z,1048576
2026-07-16T08:35:24Z,v0.2,NexusOS-v0.2-os.bin,0,2026-06-04T22:52:21Z,1048576
2026-07-16T08:35:24Z,v0.1,NexusOS-v0.1-os.bin,0,2026-06-04T22:51:57Z,1048576
2026-07-17T08:28:57Z,v0.5,NexusOS-v0.5-fat.img,1,2026-06-04T22:53:14Z,1474560
2026-07-17T08:28:57Z,v0.5,NexusOS-v0.5-os.bin,1,2026-06-04T22:53:14Z,1048576
2026-07-17T08:28:57Z,v0.4,NexusOS-v0.4-fat.img,0,2026-06-04T22:52:55Z,1474560
2026-07-17T08:28:57Z,v0.4,NexusOS-v0.4-os.bin,0,2026-06-04T22:52:55Z,1048576
2026-07-17T08:28:57Z,v0.3,NexusOS-v0.3-os.bin,0,2026-06-04T22:52:39Z,1048576
2026-07-17T08:28:57Z,v0.2,NexusOS-v0.2-os.bin,0,2026-06-04T22:52:21Z,1048576
2026-07-17T08:28:57Z,v0.1,NexusOS-v0.1-os.bin,0,2026-06-04T22:51:57Z,1048576
2026-07-18T08:10:00Z,v0.5,NexusOS-v0.5-fat.img,1,2026-06-04T22:53:14Z,1474560
2026-07-18T08:10:00Z,v0.5,NexusOS-v0.5-os.bin,1,2026-06-04T22:53:14Z,1048576
2026-07-18T08:10:00Z,v0.4,NexusOS-v0.4-fat.img,0,2026-06-04T22:52:55Z,1474560
2026-07-18T08:10:00Z,v0.4,NexusOS-v0.4-os.bin,0,2026-06-04T22:52:55Z,1048576
2026-07-18T08:10:00Z,v0.3,NexusOS-v0.3-os.bin,0,2026-06-04T22:52:39Z,1048576
2026-07-18T08:10:00Z,v0.2,NexusOS-v0.2-os.bin,0,2026-06-04T22:52:21Z,1048576
2026-07-18T08:10:00Z,v0.1,NexusOS-v0.1-os.bin,0,2026-06-04T22:51:57Z,1048576
2026-07-19T08:34:02Z,v0.5,NexusOS-v0.5-fat.img,1,2026-06-04T22:53:14Z,1474560
2026-07-19T08:34:02Z,v0.5,NexusOS-v0.5-os.bin,1,2026-06-04T22:53:14Z,1048576
2026-07-19T08:34:02Z,v0.4,NexusOS-v0.4-fat.img,0,2026-06-04T22:52:55Z,1474560
2026-07-19T08:34:02Z,v0.4,NexusOS-v0.4-os.bin,0,2026-06-04T22:52:55Z,1048576
2026-07-19T08:34:02Z,v0.3,NexusOS-v0.3-os.bin,0,2026-06-04T22:52:39Z,1048576
2026-07-19T08:34:02Z,v0.2,NexusOS-v0.2-os.bin,0,2026-06-04T22:52:21Z,1048576
2026-07-19T08:34:02Z,v0.1,NexusOS-v0.1-os.bin,0,2026-06-04T22:51:57Z,1048576
2026-07-20T09:34:30Z,v0.5,NexusOS-v0.5-fat.img,1,2026-06-04T22:53:14Z,1474560
2026-07-20T09:34:30Z,v0.5,NexusOS-v0.5-os.bin,1,2026-06-04T22:53:14Z,1048576
2026-07-20T09:34:30Z,v0.4,NexusOS-v0.4-fat.img,0,2026-06-04T22:52:55Z,1474560
2026-07-20T09:34:30Z,v0.4,NexusOS-v0.4-os.bin,0,2026-06-04T22:52:55Z,1048576
2026-07-20T09:34:30Z,v0.3,NexusOS-v0.3-os.bin,0,2026-06-04T22:52:39Z,1048576
2026-07-20T09:34:30Z,v0.2,NexusOS-v0.2-os.bin,0,2026-06-04T22:52:21Z,1048576
2026-07-20T09:34:30Z,v0.1,NexusOS-v0.1-os.bin,0,2026-06-04T22:51:57Z,1048576
2026-07-21T08:46:14Z,v0.5,NexusOS-v0.5-fat.img,1,2026-06-04T22:53:14Z,1474560
2026-07-21T08:46:14Z,v0.5,NexusOS-v0.5-os.bin,1,2026-06-04T22:53:14Z,1048576
2026-07-21T08:46:14Z,v0.4,NexusOS-v0.4-fat.img,0,2026-06-04T22:52:55Z,1474560
2026-07-21T08:46:14Z,v0.4,NexusOS-v0.4-os.bin,0,2026-06-04T22:52:55Z,1048576
2026-07-21T08:46:14Z,v0.3,NexusOS-v0.3-os.bin,0,2026-06-04T22:52:39Z,1048576
2026-07-21T08:46:14Z,v0.2,NexusOS-v0.2-os.bin,0,2026-06-04T22:52:21Z,1048576
2026-07-21T08:46:14Z,v0.1,NexusOS-v0.1-os.bin,0,2026-06-04T22:51:57Z,1048576
2026-07-22T08:45:38Z,v0.5,NexusOS-v0.5-fat.img,1,2026-06-04T22:53:14Z,1474560
2026-07-22T08:45:38Z,v0.5,NexusOS-v0.5-os.bin,1,2026-06-04T22:53:14Z,1048576
2026-07-22T08:45:38Z,v0.4,NexusOS-v0.4-fat.img,0,2026-06-04T22:52:55Z,1474560
2026-07-22T08:45:38Z,v0.4,NexusOS-v0.4-os.bin,0,2026-06-04T22:52:55Z,1048576
2026-07-22T08:45:38Z,v0.3,NexusOS-v0.3-os.bin,0,2026-06-04T22:52:39Z,1048576
2026-07-22T08:45:38Z,v0.2,NexusOS-v0.2-os.bin,0,2026-06-04T22:52:21Z,1048576
2026-07-22T08:45:38Z,v0.1,NexusOS-v0.1-os.bin,0,2026-06-04T22:51:57Z,1048576
2026-07-23T08:45:03Z,v0.5,NexusOS-v0.5-fat.img,1,2026-06-04T22:53:14Z,1474560
2026-07-23T08:45:03Z,v0.5,NexusOS-v0.5-os.bin,1,2026-06-04T22:53:14Z,1048576
2026-07-23T08:45:03Z,v0.4,NexusOS-v0.4-fat.img,0,2026-06-04T22:52:55Z,1474560
2026-07-23T08:45:03Z,v0.4,NexusOS-v0.4-os.bin,0,2026-06-04T22:52:55Z,1048576
2026-07-23T08:45:03Z,v0.3,NexusOS-v0.3-os.bin,0,2026-06-04T22:52:39Z,1048576
2026-07-23T08:45:03Z,v0.2,NexusOS-v0.2-os.bin,0,2026-06-04T22:52:21Z,1048576
2026-07-23T08:45:03Z,v0.1,NexusOS-v0.1-os.bin,0,2026-06-04T22:51:57Z,1048576
2026-07-24T08:43:44Z,v0.5,NexusOS-v0.5-fat.img,1,2026-06-04T22:53:14Z,1474560
2026-07-24T08:43:44Z,v0.5,NexusOS-v0.5-os.bin,1,2026-06-04T22:53:14Z,1048576
2026-07-24T08:43:44Z,v0.4,NexusOS-v0.4-fat.img,0,2026-06-04T22:52:55Z,1474560
2026-07-24T08:43:44Z,v0.4,NexusOS-v0.4-os.bin,0,2026-06-04T22:52:55Z,1048576
2026-07-24T08:43:44Z,v0.3,NexusOS-v0.3-os.bin,0,2026-06-04T22:52:39Z,1048576
2026-07-24T08:43:44Z,v0.2,NexusOS-v0.2-os.bin,0,2026-06-04T22:52:21Z,1048576
2026-07-24T08:43:44Z,v0.1,NexusOS-v0.1-os.bin,0,2026-06-04T22:51:57Z,1048576
2026-07-25T08:24:37Z,v0.5,NexusOS-v0.5-fat.img,1,2026-06-04T22:53:14Z,1474560
2026-07-25T08:24:37Z,v0.5,NexusOS-v0.5-os.bin,1,2026-06-04T22:53:14Z,1048576
2026-07-25T08:24:37Z,v0.4,NexusOS-v0.4-fat.img,0,2026-06-04T22:52:55Z,1474560
2026-07-25T08:24:37Z,v0.4,NexusOS-v0.4-os.bin,0,2026-06-04T22:52:55Z,1048576
2026-07-25T08:24:37Z,v0.3,NexusOS-v0.3-os.bin,0,2026-06-04T22:52:39Z,1048576
2026-07-25T08:24:37Z,v0.2,NexusOS-v0.2-os.bin,0,2026-06-04T22:52:21Z,1048576
2026-07-25T08:24:37Z,v0.1,NexusOS-v0.1-os.bin,0,2026-06-04T22:51:57Z,1048576
2026-07-26T08:39:30Z,v0.5,NexusOS-v0.5-fat.img,1,2026-06-04T22:53:14Z,1474560
2026-07-26T08:39:30Z,v0.5,NexusOS-v0.5-os.bin,1,2026-06-04T22:53:14Z,1048576
2026-07-26T08:39:30Z,v0.4,NexusOS-v0.4-fat.img,0,2026-06-04T22:52:55Z,1474560
2026-07-26T08:39:30Z,v0.4,NexusOS-v0.4-os.bin,0,2026-06-04T22:52:55Z,1048576
2026-07-26T08:39:30Z,v0.3,NexusOS-v0.3-os.bin,0,2026-06-04T22:52:39Z,1048576
2026-07-26T08:39:30Z,v0.2,NexusOS-v0.2-os.bin,0,2026-06-04T22:52:21Z,1048576
2026-07-26T08:39:30Z,v0.1,NexusOS-v0.1-os.bin,0,2026-06-04T22:51:57Z,1048576
2026-07-27T10:10:02Z,v0.5,NexusOS-v0.5-fat.img,1,2026-06-04T22:53:14Z,1474560
2026-07-27T10:10:02Z,v0.5,NexusOS-v0.5-os.bin,1,2026-06-04T22:53:14Z,1048576
2026-07-27T10:10:02Z,v0.4,NexusOS-v0.4-fat.img,0,2026-06-04T22:52:55Z,1474560
2026-07-27T10:10:02Z,v0.4,NexusOS-v0.4-os.bin,0,2026-06-04T22:52:55Z,1048576
2026-07-27T10:10:02Z,v0.3,NexusOS-v0.3-os.bin,0,2026-06-04T22:52:39Z,1048576
2026-07-27T10:10:02Z,v0.2,NexusOS-v0.2-os.bin,0,2026-06-04T22:52:21Z,1048576
2026-07-27T10:10:02Z,v0.1,NexusOS-v0.1-os.bin,0,2026-06-04T22:51:57Z,1048576
2026-07-28T09:05:49Z,v0.5,NexusOS-v0.5-fat.img,1,2026-06-04T22:53:14Z,1474560
2026-07-28T09:05:49Z,v0.5,NexusOS-v0.5-os.bin,1,2026-06-04T22:53:14Z,1048576
2026-07-28T09:05:49Z,v0.4,NexusOS-v0.4-fat.img,0,2026-06-04T22:52:55Z,1474560
2026-07-28T09:05:49Z,v0.4,NexusOS-v0.4-os.bin,0,2026-06-04T22:52:55Z,1048576
2026-07-28T09:05:49Z,v0.3,NexusOS-v0.3-os.bin,0,2026-06-04T22:52:39Z,1048576
2026-07-28T09:05:49Z,v0.2,NexusOS-v0.2-os.bin,0,2026-06-04T22:52:21Z,1048576
2026-07-28T09:05:49Z,v0.1,NexusOS-v0.1-os.bin,0,2026-06-04T22:51:57Z,1048576
2026-07-29T09:10:37Z,v0.5,NexusOS-v0.5-fat.img,1,2026-06-04T22:53:14Z,1474560
2026-07-29T09:10:37Z,v0.5,NexusOS-v0.5-os.bin,1,2026-06-04T22:53:14Z,1048576
2026-07-29T09:10:37Z,v0.4,NexusOS-v0.4-fat.img,0,2026-06-04T22:52:55Z,1474560
2026-07-29T09:10:37Z,v0.4,NexusOS-v0.4-os.bin,0,2026-06-04T22:52:55Z,1048576
2026-07-29T09:10:37Z,v0.3,NexusOS-v0.3-os.bin,0,2026-06-04T22:52:39Z,1048576
2026-07-29T09:10:37Z,v0.2,NexusOS-v0.2-os.bin,0,2026-06-04T22:52:21Z,1048576
2026-07-29T09:10:37Z,v0.1,NexusOS-v0.1-os.bin,0,2026-06-04T22:51:57Z,1048576
2026-07-30T09:03:24Z,v0.5,NexusOS-v0.5-fat.img,1,2026-06-04T22:53:14Z,1474560
2026-07-30T09:03:24Z,v0.5,NexusOS-v0.5-os.bin,1,2026-06-04T22:53:14Z,1048576
2026-07-30T09:03:24Z,v0.4,NexusOS-v0.4-fat.img,0,2026-06-04T22:52:55Z,1474560
2026-07-30T09:03:24Z,v0.4,NexusOS-v0.4-os.bin,0,2026-06-04T22:52:55Z,1048576
2026-07-30T09:03:24Z,v0.3,NexusOS-v0.3-os.bin,0,2026-06-04T22:52:39Z,1048576
2026-07-30T09:03:24Z,v0.2,NexusOS-v0.2-os.bin,0,2026-06-04T22:52:21Z,1048576
2026-07-30T09:03:24Z,v0.1,NexusOS-v0.1-os.bin,0,2026-06-04T22:51:57Z,1048576
2026-07-31T09:17:25Z,v0.5,NexusOS-v0.5-fat.img,1,2026-06-04T22:53:14Z,1474560
2026-07-31T09:17:25Z,v0.5,NexusOS-v0.5-os.bin,1,2026-06-04T22:53:14Z,1048576
2026-07-31T09:17:25Z,v0.4,NexusOS-v0.4-fat.img,0,2026-06-04T22:52:55Z,1474560
2026-07-31T09:17:25Z,v0.4,NexusOS-v0.4-os.bin,0,2026-06-04T22:52:55Z,1048576
2026-07-31T09:17:25Z,v0.3,NexusOS-v0.3-os.bin,0,2026-06-04T22:52:39Z,1048576
2026-07-31T09:17:25Z,v0.2,NexusOS-v0.2-os.bin,0,2026-06-04T22:52:21Z,1048576
2026-07-31T09:17:25Z,v0.1,NexusOS-v0.1-os.bin,0,2026-06-04T22:51:57Z,1048576
2026-08-01T08:34:19Z,v0.5,NexusOS-v0.5-fat.img,1,2026-06-04T22:53:14Z,1474560
2026-08-01T08:34:19Z,v0.5,NexusOS-v0.5-os.bin,1,2026-06-04T22:53:14Z,1048576
2026-08-01T08:34:19Z,v0.4,NexusOS-v0.4-fat.img,0,2026-06-04T22:52:55Z,1474560
2026-08-01T08:34:19Z,v0.4,NexusOS-v0.4-os.bin,0,2026-06-04T22:52:55Z,1048576
2026-08-01T08:34:19Z,v0.3,NexusOS-v0.3-os.bin,0,2026-06-04T22:52:39Z,1048576
2026-08-01T08:34:19Z,v0.2,NexusOS-v0.2-os.bin,0,2026-06-04T22:52:21Z,1048576
2026-08-01T08:34:19Z,v0.1,NexusOS-v0.1-os.bin,0,2026-06-04T22:51:57Z,1048576
2026-08-02T08:37:13Z,v0.5,NexusOS-v0.5-fat.img,1,2026-06-04T22:53:14Z,1474560
2026-08-02T08:37:13Z,v0.5,NexusOS-v0.5-os.bin,1,2026-06-04T22:53:14Z,1048576
2026-08-02T08:37:13Z,v0.4,NexusOS-v0.4-fat.img,0,2026-06-04T22:52:55Z,1474560
2026-08-02T08:37:13Z,v0.4,NexusOS-v0.4-os.bin,0,2026-06-04T22:52:55Z,1048576
2026-08-02T08:37:13Z,v0.3,NexusOS-v0.3-os.bin,0,2026-06-04T22:52:39Z,1048576
2026-08-02T08:37:13Z,v0.2,NexusOS-v0.2-os.bin,0,2026-06-04T22:52:21Z,1048576
2026-08-02T08:37:13Z,v0.1,NexusOS-v0.1-os.bin,0,2026-06-04T22:51:57Z,1048576
2026-08-03T10:06:42Z,v0.5,NexusOS-v0.5-fat.img,1,2026-06-04T22:53:14Z,1474560
2026-08-03T10:06:42Z,v0.5,NexusOS-v0.5-os.bin,1,2026-06-04T22:53:14Z,1048576
2026-08-03T10:06:42Z,v0.4,NexusOS-v0.4-fat.img,0,2026-06-04T22:52:55Z,1474560
2026-08-03T10:06:42Z,v0.4,NexusOS-v0.4-os.bin,0,2026-06-04T22:52:55Z,1048576
2026-08-03T10:06:42Z,v0.3,NexusOS-v0.3-os.bin,0,2026-06-04T22:52:39Z,1048576
2026-08-03T10:06:42Z,v0.2,NexusOS-v0.2-os.bin,0,2026-06-04T22:52:21Z,1048576
2026-08-03T10:06:42Z,v0.1,NexusOS-v0.1-os.bin,0,2026-06-04T22:51:57Z,1048576
2026-08-04T09:09:49Z,v0.5,NexusOS-v0.5-fat.img,1,2026-06-04T22:53:14Z,1474560
2026-08-04T09:09:49Z,v0.5,NexusOS-v0.5-os.bin,1,2026-06-04T22:53:14Z,1048576
2026-08-04T09:09:49Z,v0.4,NexusOS-v0.4-fat.img,0,2026-06-04T22:52:55Z,1474560
2026-08-04T09:09:49Z,v0.4,NexusOS-v0.4-os.bin,0,2026-06-04T22:52:55Z,1048576
2026-08-04T09:09:49Z,v0.3,NexusOS-v0.3-os.bin,0,2026-06-04T22:52:39Z,1048576
2026-08-04T09:09:49Z,v0.2,NexusOS-v0.2-os.bin,0,2026-06-04T22:52:21Z,1048576
2026-08-04T09:09:49Z,v0.1,NexusOS-v0.1-os.bin,0,2026-06-04T22:51:57Z,1048576
2026-08-05T09:06:49Z,v0.5,NexusOS-v0.5-fat.img,1,2026-06-04T22:53:14Z,1474560
2026-08-05T09:06:49Z,v0.5,NexusOS-v0.5-os.bin,1,2026-06-04T22:53:14Z,1048576
2026-08-05T09:06:49Z,v0.4,NexusOS-v0.4-fat.img,0,2026-06-04T22:52:55Z,1474560
2026-08-05T09:06:49Z,v0.4,NexusOS-v0.4-os.bin,0,2026-06-04T22:52:55Z,1048576
2026-08-05T09:06:49Z,v0.3,NexusOS-v0.3-os.bin,0,2026-06-04T22:52:39Z,1048576
2026-08-05T09:06:49Z,v0.2,NexusOS-v0.2-os.bin,0,2026-06-04T22:52:21Z,1048576
2026-08-05T09:06:49Z,v0.1,NexusOS-v0.1-os.bin,0,2026-06-04T22:51:57Z,1048576
2026-08-06T09:07:21Z,v0.5,NexusOS-v0.5-fat.img,1,2026-06-04T22:53:14Z,1474560
2026-08-06T09:07:21Z,v0.5,NexusOS-v0.5-os.bin,1,2026-06-04T22:53:14Z,1048576
2026-08-06T09:07:21Z,v0.4,NexusOS-v0.4-fat.img,0,2026-06-04T22:52:55Z,1474560
2026-08-06T09:07:21Z,v0.4,NexusOS-v0.4-os.bin,0,2026-06-04T22:52:55Z,1048576
2026-08-06T09:07:21Z,v0.3,NexusOS-v0.3-os.bin,0,2026-06-04T22:52:39Z,1048576
2026-08-06T09:07:21Z,v0.2,NexusOS-v0.2-os.bin,0,2026-06-04T22:52:21Z,1048576
2026-08-06T09:07:21Z,v0.1,NexusOS-v0.1-os.bin,0,2026-06-04T22:51:57Z,1048576
2026-08-07T07:42:50Z,v0.5,NexusOS-v0.5-fat.img,1,2026-06-04T22:53:14Z,1474560
2026-08-07T07:42:50Z,v0.5,NexusOS-v0.5-os.bin,1,2026-06-04T22:53:14Z,1048576
2026-08-07T07:42:50Z,v0.4,NexusOS-v0.4-fat.img,0,2026-06-04T22:52:55Z,1474560
2026-08-07T07:42:50Z,v0.4,NexusOS-v0.4-os.bin,0,2026-06-04T22:52:55Z,1048576
2026-08-07T07:42:50Z,v0.3,NexusOS-v0.3-os.bin,0,2026-06-04T22:52:39Z,1048576
2026-08-07T07:42:50Z,v0.2,NexusOS-v0.2-os.bin,0,2026-06-04T22:52:21Z,1048576
2026-08-07T07:42:50Z,v0.1,NexusOS-v0.1-os.bin,0,2026-06-04T22:51:57Z,1048576
2026-08-08T07:16:26Z,v0.5,NexusOS-v0.5-fat.img,1,2026-06-04T22:53:14Z,1474560
2026-08-08T07:16:26Z,v0.5,NexusOS-v0.5-os.bin,1,2026-06-04T22:53:14Z,1048576
2026-08-08T07:16:26Z,v0.4,NexusOS-v0.4-fat.img,0,2026-06-04T22:52:55Z,1474560
2026-08-08T07:16:26Z,v0.4,NexusOS-v0.4-os.bin,0,2026-06-04T22:52:55Z,1048576
2026-08-08T07:16:26Z,v0.3,NexusOS-v0.3-os.bin,0,2026-06-04T22:52:39Z,1048576
2026-08-08T07:16:26Z,v0.2,NexusOS-v0.2-os.bin,0,2026-06-04T22:52:21Z,1048576
2026-08-08T07:16:26Z,v0.1,NexusOS-v0.1-os.bin,0,2026-06-04T22:51:57Z,1048576
2026-08-09T07:17:29Z,v0.5,NexusOS-v0.5-fat.img,1,2026-06-04T22:53:14Z,1474560
2026-08-09T07:17:29Z,v0.5,NexusOS-v0.5-os.bin,1,2026-06-04T22:53:14Z,1048576
2026-08-09T07:17:29Z,v0.4,NexusOS-v0.4-fat.img,0,2026-06-04T22:52:55Z,1474560
2026-08-09T07:17:29Z,v0.4,NexusOS-v0.4-os.bin,0,2026-06-04T22:52:55Z,1048576
2026-08-09T07:17:29Z,v0.3,NexusOS-v0.3-os.bin,0,2026-06-04T22:52:39Z,1048576
2026-08-09T07:17:29Z,v0.2,NexusOS-v0.2-os.bin,0,2026-06-04T22:52:21Z,1048576
2026-08-09T07:17:29Z,v0.1,NexusOS-v0.1-os.bin,0,2026-06-04T22:51:57Z,1048576
2026-08-10T08:05:01Z,v0.5,NexusOS-v0.5-fat.img,1,2026-06-04T22:53:14Z,1474560
2026-08-10T08:05:01Z,v0.5,NexusOS-v0.5-os.bin,1,2026-06-04T22:53:14Z,1048576
2026-08-10T08:05:01Z,v0.4,NexusOS-v0.4-fat.img,0,2026-06-04T22:52:55Z,1474560
2026-08-10T08:05:01Z,v0.4,NexusOS-v0.4-os.bin,0,2026-06-04T22:52:55Z,1048576
2026-08-10T08:05:01Z,v0.3,NexusOS-v0.3-os.bin,0,2026-06-04T22:52:39Z,1048576
2026-08-10T08:05:01Z,v0.2,NexusOS-v0.2-os.bin,0,2026-06-04T22:52:21Z,1048576
2026-08-10T08:05:01Z,v0.1,NexusOS-v0.1-os.bin,0,2026-06-04T22:51:57Z,1048576
2026-08-11T07:38:40Z,v0.5,NexusOS-v0.5-fat.img,1,2026-06-04T22:53:14Z,1474560
2026-08-11T07:38:40Z,v0.5,NexusOS-v0.5-os.bin,1,2026-06-04T22:53:14Z,1048576
2026-08-11T07:38:40Z,v0.4,NexusOS-v0.4-fat.img,0,2026-06-04T22:52:55Z,1474560
2026-08-11T07:38:40Z,v0.4,NexusOS-v0.4-os.bin,0,2026-06-04T22:52:55Z,1048576
2026-08-11T07:38:40Z,v0.3,NexusOS-v0.3-os.bin,0,2026-06-04T22:52:39Z,1048576
2026-08-11T07:38:40Z,v0.2,NexusOS-v0.2-os.bin,0,2026-06-04T22:52:21Z,1048576
2026-08-11T07:38:40Z,v0.1,NexusOS-v0.1-os.bin,0,2026-06-04T22:51:57Z,1048576
2026-08-12T07:53:27Z,v0.5,NexusOS-v0.5-fat.img,1,2026-06-04T22:53:14Z,1474560
2026-08-12T07:53:27Z,v0.5,NexusOS-v0.5-os.bin,1,2026-06-04T22:53:14Z,1048576
2026-08-12T07:53:27Z,v0.4,NexusOS-v0.4-fat.img,0,2026-06-04T22:52:55Z,1474560
2026-08-12T07:53:27Z,v0.4,NexusOS-v0.4-os.bin,0,2026-06-04T22:52:55Z,1048576
2026-08-12T07:53:27Z,v0.3,NexusOS-v0.3-os.bin,0,2026-06-04T22:52:39Z,1048576
2026-08-12T07:53:27Z,v0.2,NexusOS-v0.2-os.bin,0,2026-06-04T22:52:21Z,1048576
2026-08-12T07:53:27Z,v0.1,NexusOS-v0.1-os.bin,0,2026-06-04T22:51:57Z,1048576
2026-08-13T07:54:41Z,v0.5,NexusOS-v0.5-fat.img,1,2026-06-04T22:53:14Z,1474560
2026-08-13T07:54:41Z,v0.5,NexusOS-v0.5-os.bin,1,2026-06-04T22:53:14Z,1048576
2026-08-13T07:54:41Z,v0.4,NexusOS-v0.4-fat.img,0,2026-06-04T22:52:55Z,1474560
2026-08-13T07:54:41Z,v0.4,NexusOS-v0.4-os.bin,0,2026-06-04T22:52:55Z,1048576
2026-08-13T07:54:41Z,v0.3,NexusOS-v0.3-os.bin,0,2026-06-04T22:52:39Z,1048576
2026-08-13T07:54:41Z,v0.2,NexusOS-v0.2-os.bin,0,2026-06-04T22:52:21Z,1048576
2026-08-13T07:54:41Z,v0.1,NexusOS-v0.1-os.bin,0,2026-06-04T22:51:57Z,1048576
2026-08-14T07:52:01Z,v0.5,NexusOS-v0.5-fat.img,1,2026-06-04T22:53:14Z,1474560
2026-08-14T07:52:01Z,v0.5,NexusOS-v0.5-os.bin,1,2026-06-04T22:53:14Z,1048576
2026-08-14T07:52:01Z,v0.4,NexusOS-v0.4-fat.img,0,2026-06-04T22:52:55Z,1474560
2026-08-14T07:52:01Z,v0.4,NexusOS-v0.4-os.bin,0,2026-06-04T22:52:55Z,1048576
2026-08-14T07:52:01Z,v0.3,NexusOS-v0.3-os.bin,0,2026-06-04T22:52:39Z,1048576
2026-08-14T07:52:01Z,v0.2,NexusOS-v0.2-os.bin,0,2026-06-04T22:52:21Z,1048576
2026-08-14T07:52:01Z,v0.1,NexusOS-v0.1-os.bin,0,2026-06-04T22:51:57Z,1048576
2026-08-15T06:58:02Z,v0.5,NexusOS-v0.5-fat.img,1,2026-06-04T22:53:14Z,1474560
2026-08-15T06:58:02Z,v0.5,NexusOS-v0.5-os.bin,2,2026-06-04T22:53:14Z,1048576
2026-08-15T06:58:02Z,v0.4,NexusOS-v0.4-fat.img,0,2026-06-04T22:52:55Z,1474560
2026-08-15T06:58:02Z,v0.4,NexusOS-v0.4-os.bin,0,2026-06-04T22:52:55Z,1048576
2026-08-15T06:58:02Z,v0.3,NexusOS-v0.3-os.bin,0,2026-06-04T22:52:39Z,1048576
2026-08-15T06:58:02Z,v0.2,NexusOS-v0.2-os.bin,0,2026-06-04T22:52:21Z,1048576
2026-08-15T06:58:02Z,v0.1,NexusOS-v0.1-os.bin,0,2026-06-04T22:51:57Z,1048576
2026-08-16T07:00:26Z,v0.5,NexusOS-v0.5-fat.img,1,2026-06-04T22:53:14Z,1474560
2026-08-16T07:00:26Z,v0.5,NexusOS-v0.5-os.bin,2,2026-06-04T22:53:14Z,1048576
2026-08-16T07:00:26Z,v0.4,NexusOS-v0.4-fat.img,0,2026-06-04T22:52:55Z,1474560
2026-08-16T07:00:26Z,v0.4,NexusOS-v0.4-os.bin,0,2026-06-04T22:52:55Z,1048576
2026-08-16T07:00:26Z,v0.3,NexusOS-v0.3-os.bin,0,2026-06-04T22:52:39Z,1048576
2026-08-16T07:00:26Z,v0.2,NexusOS-v0.2-os.bin,0,2026-06-04T22:52:21Z,1048576
2026-08-16T07:00:26Z,v0.1,NexusOS-v0.1-os.bin,0,2026-06-04T22:51:57Z,1048576
2026-08-17T07:16:55Z,v0.5,NexusOS-v0.5-fat.img,1,2026-06-04T22:53:14Z,1474560
2026-08-17T07:16:55Z,v0.5,NexusOS-v0.5-os.bin,2,2026-06-04T22:53:14Z,1048576
2026-08-17T07:16:55Z,v0.4,NexusOS-v0.4-fat.img,0,2026-06-04T22:52:55Z,1474560
2026-08-17T07:16:55Z,v0.4,NexusOS-v0.4-os.bin,0,2026-06-04T22:52:55Z,1048576
2026-08-17T07:16:55Z,v0.3,NexusOS-v0.3-os.bin,0,2026-06-04T22:52:39Z,1048576
2026-08-17T07:16:55Z,v0.2,NexusOS-v0.2-os.bin,0,2026-06-04T22:52:21Z,1048576
2026-08-17T07:16:55Z,v0.1,NexusOS-v0.1-os.bin,0,2026-06-04T22:51:57Z,1048576
2026-08-18T07:05:16Z,v0.5,NexusOS-v0.5-fat.img,1,2026-06-04T22:53:14Z,1474560
2026-08-18T07:05:16Z,v0.5,NexusOS-v0.5-os.bin,2,2026-06-04T22:53:14Z,1048576
2026-08-18T07:05:16Z,v0.4,NexusOS-v0.4-fat.img,0,2026-06-04T22:52:55Z,1474560
2026-08-18T07:05:16Z,v0.4,NexusOS-v0.4-os.bin,0,2026-06-04T22:52:55Z,1048576
2026-08-18T07:05:16Z,v0.3,NexusOS-v0.3-os.bin,0,2026-06-04T22:52:39Z,1048576
2026-08-18T07:05:16Z,v0.2,NexusOS-v0.2-os.bin,0,2026-06-04T22:52:21Z,1048576
2026-08-18T07:05:16Z,v0.1,NexusOS-v0.1-os.bin,0,2026-06-04T22:51:57Z,1048576
2026-08-19T07:06:21Z,v0.5,NexusOS-v0.5-fat.img,1,2026-06-04T22:53:14Z,1474560
2026-08-19T07:06:21Z,v0.5,NexusOS-v0.5-os.bin,2,2026-06-04T22:53:14Z,1048576
2026-08-19T07:06:21Z,v0.4,NexusOS-v0.4-fat.img,0,2026-06-04T22:52:55Z,1474560
2026-08-19T07:06:21Z,v0.4,NexusOS-v0.4-os.bin,0,2026-06-04T22:52:55Z,1048576
2026-08-19T07:06:21Z,v0.3,NexusOS-v0.3-os.bin,0,2026-06-04T22:52:39Z,1048576
2026-08-19T07:06:21Z,v0.2,NexusOS-v0.2-os.bin,0,2026-06-04T22:52:21Z,1048576
2026-08-19T07:06:21Z,v0.1,NexusOS-v0.1-os.bin,0,2026-06-04T22:51:57Z,1048576
2026-08-20T07:07:03Z,v0.5,NexusOS-v0.5-fat.img,1,2026-06-04T22:53:14Z,1474560
2026-08-20T07:07:03Z,v0.5,NexusOS-v0.5-os.bin,2,2026-06-04T22:53:14Z,1048576
2026-08-20T07:07:03Z,v0.4,NexusOS-v0.4-fat.img,0,2026-06-04T22:52:55Z,1474560
2026-08-20T07:07:03Z,v0.4,NexusOS-v0.4-os.bin,0,2026-06-04T22:52:55Z,1048576
2026-08-20T07:07:03Z,v0.3,NexusOS-v0.3-os.bin,0,2026-06-04T22:52:39Z,1048576
2026-08-20T07:07:03Z,v0.2,NexusOS-v0.2-os.bin,0,2026-06-04T22:52:21Z,1048576
2026-08-20T07:07:03Z,v0.1,NexusOS-v0.1-os.bin,0,2026-06-04T22:51:57Z,1048576
2026-08-21T07:08:20Z,v0.5,NexusOS-v0.5-fat.img,1,2026-06-04T22:53:14Z,1474560
2026-08-21T07:08:20Z,v0.5,NexusOS-v0.5-os.bin,2,2026-06-04T22:53:14Z,1048576
2026-08-21T07:08:20Z,v0.4,NexusOS-v0.4-fat.img,0,2026-06-04T22:52:55Z,1474560
2026-08-21T07:08:20Z,v0.4,NexusOS-v0.4-os.bin,0,2026-06-04T22:52:55Z,1048576
2026-08-21T07:08:20Z,v0.3,NexusOS-v0.3-os.bin,0,2026-06-04T22:52:39Z,1048576
2026-08-21T07:08:20Z,v0.2,NexusOS-v0.2-os.bin,0,2026-06-04T22:52:21Z,1048576
2026-08-21T07:08:20Z,v0.1,NexusOS-v0.1-os.bin,0,2026-06-04T22:51:57Z,1048576
2026-08-22T07:00:27Z,v0.5,NexusOS-v0.5-fat.img,1,2026-06-04T22:53:14Z,1474560
2026-08-22T07:00:27Z,v0.5,NexusOS-v0.5-os.bin,2,2026-06-04T22:53:14Z,1048576
2026-08-22T07:00:27Z,v0.4,NexusOS-v0.4-fat.img,0,2026-06-04T22:52:55Z,1474560
2026-08-22T07:00:27Z,v0.4,NexusOS-v0.4-os.bin,0,2026-06-04T22:52:55Z,1048576
2026-08-22T07:00:27Z,v0.3,NexusOS-v0.3-os.bin,0,2026-06-04T22:52:39Z,1048576
2026-08-22T07:00:27Z,v0.2,NexusOS-v0.2-os.bin,0,2026-06-04T22:52:21Z,1048576
2026-08-22T07:00:27Z,v0.1,NexusOS-v0.1-os.bin,0,2026-06-04T22:51:57Z,1048576
2026-08-23T07:02:14Z,v0.5,NexusOS-v0.5-fat.img,1,2026-06-04T22:53:14Z,1474560
2026-08-23T07:02:14Z,v0.5,NexusOS-v0.5-os.bin,2,2026-06-04T22:53:14Z,1048576
2026-08-23T07:02:14Z,v0.4,NexusOS-v0.4-fat.img,0,2026-06-04T22:52:55Z,1474560
2026-08-23T07:02:14Z,v0.4,NexusOS-v0.4-os.bin,0,2026-06-04T22:52:55Z,1048576
2026-08-23T07:02:14Z,v0.3,NexusOS-v0.3-os.bin,0,2026-06-04T22:52:39Z,1048576
2026-08-23T07:02:14Z,v0.2,NexusOS-v0.2-os.bin,0,2026-06-04T22:52:21Z,1048576
2026-08-23T07:02:14Z,v0.1,NexusOS-v0.1-os.bin,0,2026-06-04T22:51:57Z,1048576
2026-08-24T07:29:30Z,v0.5,NexusOS-v0.5-fat.img,1,2026-06-04T22:53:14Z,1474560
2026-08-24T07:29:30Z,v0.5,NexusOS-v0.5-os.bin,2,2026-06-04T22:53:14Z,1048576
2026-08-24T07:29:30Z,v0.4,NexusOS-v0.4-fat.img,0,2026-06-04T22:52:55Z,1474560
2026-08-24T07:29:30Z,v0.4,NexusOS-v0.4-os.bin,0,2026-06-04T22:52:55Z,1048576
2026-08-24T07:29:30Z,v0.3,NexusOS-v0.3-os.bin,0,2026-06-04T22:52:39Z,1048576
2026-08-24T07:29:30Z,v0.2,NexusOS-v0.2-os.bin,0,2026-06-04T22:52:21Z,1048576
2026-08-24T07:29:30Z,v0.1,NexusOS-v0.1-os.bin,0,2026-06-04T22:51:57Z,1048576
2026-08-25T07:09:37Z,v0.5,NexusOS-v0.5-fat.img,1,2026-06-04T22:53:14Z,1474560
2026-08-25T07:09:37Z,v0.5,NexusOS-v0.5-os.bin,2,2026-06-04T22:53:14Z,1048576
2026-08-25T07:09:37Z,v0.4,NexusOS-v0.4-fat.img,0,2026-06-04T22:52:55Z,1474560
2026-08-25T07:09:37Z,v0.4,NexusOS-v0.4-os.bin,0,2026-06-04T22:52:55Z,1048576
2026-08-25T07:09:37Z,v0.3,NexusOS-v0.3-os.bin,0,2026-06-04T22:52:39Z,1048576
2026-08-25T07:09:37Z,v0.2,NexusOS-v0.2-os.bin,0,2026-06-04T22:52:21Z,1048576
2026-08-25T07:09:37Z,v0.1,NexusOS-v0.1-os.bin,0,2026-06-04T22:51:57Z,1048576
2026-08-26T07:09:51Z,v0.5,NexusOS-v0.5-fat.img,1,2026-06-04T22:53:14Z,1474560
2026-08-26T07:09:51Z,v0.5,NexusOS-v0.5-os.bin,2,2026-06-04T22:53:14Z,1048576
2026-08-26T07:09:51Z,v0.4,NexusOS-v0.4-fat.img,0,2026-06-04T22:52:55Z,1474560
2026-08-26T07:09:51Z,v0.4,NexusOS-v0.4-os.bin,0,2026-06-04T22:52:55Z,1048576
2026-08-26T07:09:51Z,v0.3,NexusOS-v0.3-os.bin,0,2026-06-04T22:52:39Z,1048576
2026-08-26T07:09:51Z,v0.2,NexusOS-v0.2-os.bin,0,2026-06-04T22:52:21Z,1048576
2026-08-26T07:09:51Z,v0.1,NexusOS-v0.1-os.bin,0,2026-06-04T22:51:57Z,1048576
2026-08-27T17:39:18Z,v0.5,NexusOS-v0.5-fat.img,1,2026-06-04T22:53:14Z,1474560
2026-08-27T17:39:18Z,v0.5,NexusOS-v0.5-os.bin,2,2026-06-04T22:53:14Z,1048576
2026-08-27T17:39:18Z,v0.4,NexusOS-v0.4-fat.img,0,2026-06-04T22:52:55Z,1474560
2026-08-27T17:39:18Z,v0.4,NexusOS-v0.4-os.bin,0,2026-06-04T22:52:55Z,1048576
2026-08-27T17:39:18Z,v0.3,NexusOS-v0.3-os.bin,0,2026-06-04T22:52:39Z,1048576
2026-08-27T17:39:18Z,v0.2,NexusOS-v0.2-os.bin,0,2026-06-04T22:52:21Z,1048576
2026-08-27T17:39:18Z,v0.1,NexusOS-v0.1-os.bin,0,2026-06-04T22:51:57Z,1048576
2026-08-28T18:44:51Z,v0.5,NexusOS-v0.5-fat.img,1,2026-06-04T22:53:14Z,1474560
2026-08-28T18:44:51Z,v0.5,NexusOS-v0.5-os.bin,2,2026-06-04T22:53:14Z,1048576
2026-08-28T18:44:51Z,v0.4,NexusOS-v0.4-fat.img,0,2026-06-04T22:52:55Z,1474560
2026-08-28T18:44:51Z,v0.4,NexusOS-v0.4-os.bin,0,2026-06-04T22:52:55Z,1048576
2026-08-28T18:44:51Z,v0.3,NexusOS-v0.3-os.bin,0,2026-06-04T22:52:39Z,1048576
2026-08-28T18:44:51Z,v0.2,NexusOS-v0.2-os.bin,0,2026-06-04T22:52:21Z,1048576
2026-08-28T18:44:51Z,v0.1,NexusOS-v0.1-os.bin,0,2026-06-04T22:51:57Z,1048576
2026-08-29T12:42:31Z,v0.5,NexusOS-v0.5-fat.img,1,2026-06-04T22:53:14Z,1474560
2026-08-29T12:42:31Z,v0.5,NexusOS-v0.5-os.bin,2,2026-06-04T22:53:14Z,1048576
2026-08-29T12:42:31Z,v0.4,NexusOS-v0.4-fat.img,0,2026-06-04T22:52:55Z,1474560
2026-08-29T12:42:31Z,v0.4,NexusOS-v0.4-os.bin,0,2026-06-04T22:52:55Z,1048576
2026-08-29T12:42:31Z,v0.3,NexusOS-v0.3-os.bin,0,2026-06-04T22:52:39Z,1048576
2026-08-29T12:42:31Z,v0.2,NexusOS-v0.2-os.bin,0,2026-06-04T22:52:21Z,1048576
2026-08-29T12:42:31Z,v0.1,NexusOS-v0.1-os.bin,0,2026-06-04T22:51:57Z,1048576
2026-08-30T11:56:43Z,v0.5,NexusOS-v0.5-fat.img,1,2026-06-04T22:53:14Z,1474560
2026-08-30T11:56:43Z,v0.5,NexusOS-v0.5-os.bin,2,2026-06-04T22:53:14Z,1048576
2026-08-30T11:56:43Z,v0.4,NexusOS-v0.4-fat.img,0,2026-06-04T22:52:55Z,1474560
2026-08-30T11:56:43Z,v0.4,NexusOS-v0.4-os.bin,0,2026-06-04T22:52:55Z,1048576
2026-08-30T11:56:43Z,v0.3,NexusOS-v0.3-os.bin,0,2026-06-04T22:52:39Z,1048576
2026-08-30T11:56:43Z,v0.2,NexusOS-v0.2-os.bin,0,2026-06-04T22:52:21Z,1048576
2026-08-30T11:56:43Z,v0.1,NexusOS-v0.1-os.bin,0,2026-06-04T22:51:57Z,1048576
2026-08-31T13:55:38Z,v0.5,NexusOS-v0.5-fat.img,1,2026-06-04T22:53:14Z,1474560
2026-08-31T13:55:38Z,v0.5,NexusOS-v0.5-os.bin,2,2026-06-04T22:53:14Z,1048576
2026-08-31T13:55:38Z,v0.4,NexusOS-v0.4-fat.img,0,2026-06-04T22:52:55Z,1474560
2026-08-31T13:55:38Z,v0.4,NexusOS-v0.4-os.bin,0,2026-06-04T22:52:55Z,1048576
2026-08-31T13:55:38Z,v0.3,NexusOS-v0.3-os.bin,0,2026-06-04T22:52:39Z,1048576
2026-08-31T13:55:38Z,v0.2,NexusOS-v0.2-os.bin,0,2026-06-04T22:52:21Z,1048576
2026-08-31T13:55:38Z,v0.1,NexusOS-v0.1-os.bin,0,2026-06-04T22:51:57Z,1048576
2026-09-01T11:41:36Z,v0.5,NexusOS-v0.5-fat.img,1,2026-06-04T22:53:14Z,1474560
2026-09-01T11:41:36Z,v0.5,NexusOS-v0.5-os.bin,2,2026-06-04T22:53:14Z,1048576
2026-09-01T11:41:36Z,v0.4,NexusOS-v0.4-fat.img,0,2026-06-04T22:52:55Z,1474560
2026-09-01T11:41:36Z,v0.4,NexusOS-v0.4-os.bin,0,2026-06-04T22:52:55Z,1048576
2026-09-01T11:41:36Z,v0.3,NexusOS-v0.3-os.bin,0,2026-06-04T22:52:39Z,1048576
2026-09-01T11:41:36Z,v0.2,NexusOS-v0.2-os.bin,0,2026-06-04T22:52:21Z,1048576
2026-09-01T11:41:36Z,v0.1,NexusOS-v0.1-os.bin,0,2026-06-04T22:51:57Z,1048576
2026-09-02T11:21:42Z,v0.5,NexusOS-v0.5-fat.img,1,2026-06-04T22:53:14Z,1474560
2026-09-02T11:21:42Z,v0.5,NexusOS-v0.5-os.bin,2,2026-06-04T22:53:14Z,1048576
2026-09-02T11:21:42Z,v0.4,NexusOS-v0.4-fat.img,0,2026-06-04T22:52:55Z,1474560
2026-09-02T11:21:42Z,v0.4,NexusOS-v0.4-os.bin,0,2026-06-04T22:52:55Z,1048576
2026-09-02T11:21:42Z,v0.3,NexusOS-v0.3-os.bin,0,2026-06-04T22:52:39Z,1048576
2026-09-02T11:21:42Z,v0.2,NexusOS-v0.2-os.bin,0,2026-06-04T22:52:21Z,1048576
2026-09-02T11:21:42Z,v0.1,NexusOS-v0.1-os.bin,0,2026-06-04T22:51:57Z,1048576
2026-09-03T11:17:47Z,v0.5,NexusOS-v0.5-fat.img,1,2026-06-04T22:53:14Z,1474560
2026-09-03T11:17:47Z,v0.5,NexusOS-v0.5-os.bin,2,2026-06-04T22:53:14Z,1048576
2026-09-03T11:17:47Z,v0.4,NexusOS-v0.4-fat.img,0,2026-06-04T22:52:55Z,1474560
2026-09-03T11:17:47Z,v0.4,NexusOS-v0.4-os.bin,0,2026-06-04T22:52:55Z,1048576
2026-09-03T11:17:47Z,v0.3,NexusOS-v0.3-os.bin,0,2026-06-04T22:52:39Z,1048576
2026-09-03T11:17:47Z,v0.2,NexusOS-v0.2-os.bin,0,2026-06-04T22:52:21Z,1048576
2026-09-03T11:17:47Z,v0.1,NexusOS-v0.1-os.bin,0,2026-06-04T22:51:57Z,1048576
2026-09-04T11:21:01Z,v0.5,NexusOS-v0.5-fat.img,1,2026-06-04T22:53:14Z,1474560
2026-09-04T11:21:01Z,v0.5,NexusOS-v0.5-os.bin,2,2026-06-04T22:53:14Z,1048576
2026-09-04T11:21:01Z,v0.4,NexusOS-v0.4-fat.img,0,2026-06-04T22:52:55Z,1474560
2026-09-04T11:21:01Z,v0.4,NexusOS-v0.4-os.bin,0,2026-06-04T22:52:55Z,1048576
2026-09-04T11:21:01Z,v0.3,NexusOS-v0.3-os.bin,0,2026-06-04T22:52:39Z,1048576
2026-09-04T11:21:01Z,v0.2,NexusOS-v0.2-os.bin,0,2026-06-04T22:52:21Z,1048576
2026-09-04T11:21:01Z,v0.1,NexusOS-v0.1-os.bin,0,2026-06-04T22:51:57Z,1048576
2026-09-05T10:38:12Z,v0.5,NexusOS-v0.5-fat.img,1,2026-06-04T22:53:14Z,1474560
2026-09-05T10:38:12Z,v0.5,NexusOS-v0.5-os.bin,2,2026-06-04T22:53:14Z,1048576
2026-09-05T10:38:12Z,v0.4,NexusOS-v0.4-fat.img,0,2026-06-04T22:52:55Z,1474560
2026-09-05T10:38:12Z,v0.4,NexusOS-v0.4-os.bin,0,2026-06-04T22:52:55Z,1048576
2026-09-05T10:38:12Z,v0.3,NexusOS-v0.3-os.bin,0,2026-06-04T22:52:39Z,1048576
2026-09-05T10:38:12Z,v0.2,NexusOS-v0.2-os.bin,0,2026-06-04T22:52:21Z,1048576
2026-09-05T10:38:12Z,v0.1,NexusOS-v0.1-os.bin,0,2026-06-04T22:51:57Z,1048576
2026-09-06T11:00:06Z,v0.5,NexusOS-v0.5-fat.img,1,2026-06-04T22:53:14Z,1474560
2026-09-06T11:00:06Z,v0.5,NexusOS-v0.5-os.bin,2,2026-06-04T22:53:14Z,1048576
2026-09-06T11:00:06Z,v0.4,NexusOS-v0.4-fat.img,0,2026-06-04T22:52:55Z,1474560
2026-09-06T11:00:06Z,v0.4,NexusOS-v0.4-os.bin,0,2026-06-04T22:52:55Z,1048576
2026-09-06T11:00:06Z,v0.3,NexusOS-v0.3-os.bin,0,2026-06-04T22:52:39Z,1048576
2026-09-06T11:00:06Z,v0.2,NexusOS-v0.2-os.bin,0,2026-06-04T22:52:21Z,1048576
2026-09-06T11:00:06Z,v0.1,NexusOS-v0.1-os.bin,0,2026-06-04T22:51:57Z,1048576
2026-09-07T12:37:48Z,v0.5,NexusOS-v0.5-fat.img,1,2026-06-04T22:53:14Z,1474560
2026-09-07T12:37:48Z,v0.5,NexusOS-v0.5-os.bin,2,2026-06-04T22:53:14Z,1048576
2026-09-07T12:37:48Z,v0.4,NexusOS-v0.4-fat.img,0,2026-06-04T22:52:55Z,1474560
2026-09-07T12:37:48Z,v0.4,NexusOS-v0.4-os.bin,0,2026-06-04T22:52:55Z,1048576
2026-09-07T12:37:48Z,v0.3,NexusOS-v0.3-os.bin,0,2026-06-04T22:52:39Z,1048576
2026-09-07T12:37:48Z,v0.2,NexusOS-v0.2-os.bin,0,2026-06-04T22:52:21Z,1048576
2026-09-07T12:37:48Z,v0.1,NexusOS-v0.1-os.bin,0,2026-06-04T22:51:57Z,1048576
2026-09-08T11:22:30Z,v0.5,NexusOS-v0.5-fat.img,1,2026-06-04T22:53:14Z,1474560
2026-09-08T11:22:30Z,v0.5,NexusOS-v0.5-os.bin,2,2026-06-04T22:53:14Z,1048576
2026-09-08T11:22:30Z,v0.4,NexusOS-v0.4-fat.img,0,2026-06-04T22:52:55Z,1474560
2026-09-08T11:22:30Z,v0.4,NexusOS-v0.4-os.bin,0,2026-06-04T22:52:55Z,1048576
2026-09-08T11:22:30Z,v0.3,NexusOS-v0.3-os.bin,0,2026-06-04T22:52:39Z,1048576
2026-09-08T11:22:30Z,v0.2,NexusOS-v0.2-os.bin,0,2026-06-04T22:52:21Z,1048576
2026-09-08T11:22:30Z,v0.1,NexusOS-v0.1-os.bin,0,2026-06-04T22:51:57Z,1048576
2026-09-09T11:26:29Z,v0.5,NexusOS-v0.5-fat.img,1,2026-06-04T22:53:14Z,1474560
2026-09-09T11:26:29Z,v0.5,NexusOS-v0.5-os.bin,2,2026-06-04T22:53:14Z,1048576
2026-09-09T11:26:29Z,v0.4,NexusOS-v0.4-fat.img,0,2026-06-04T22:52:55Z,1474560
2026-09-09T11:26:29Z,v0.4,NexusOS-v0.4-os.bin,0,2026-06-04T22:52:55Z,1048576
2026-09-09T11:26:29Z,v0.3,NexusOS-v0.3-os.bin,0,2026-06-04T22:52:39Z,1048576
2026-09-09T11:26:29Z,v0.2,NexusOS-v0.2-os.bin,0,2026-06-04T22:52:21Z,1048576
2026-09-09T11:26:29Z,v0.1,NexusOS-v0.1-os.bin,0,2026-06-04T22:51:57Z,1048576
2026-09-10T11:22:53Z,v0.5,NexusOS-v0.5-fat.img,1,2026-06-04T22:53:14Z,1474560
2026-09-10T11:22:53Z,v0.5,NexusOS-v0.5-os.bin,2,2026-06-04T22:53:14Z,1048576
2026-09-10T11:22:53Z,v0.4,NexusOS-v0.4-fat.img,0,2026-06-04T22:52:55Z,1474560
2026-09-10T11:22:53Z,v0.4,NexusOS-v0.4-os.bin,0,2026-06-04T22:52:55Z,1048576
2026-09-10T11:22:53Z,v0.3,NexusOS-v0.3-os.bin,0,2026-06-04T22:52:39Z,1048576
2026-09-10T11:22:53Z,v0.2,NexusOS-v0.2-os.bin,0,2026-06-04T22:52:21Z,1048576
2026-09-10T11:22:53Z,v0.1,NexusOS-v0.1-os.bin,0,2026-06-04T22:51:57Z,1048576
